{
  "activity_summary": {
    "WeightTraining": {
      "total_distance": 0.21617497089999999,
      "total_time": 72.01527777777777,
      "total_elevation": 0.0,
      "total_hr": 9613.4,
      "count_hr": 97,
      "count": 97
    },
    "Run": {
      "total_distance": 2184.909386774899,
      "total_time": 367.20194444444473,
      "total_elevation": 58269.03073599998,
      "total_hr": 51161.80000000001,
      "count_hr": 341,
      "count": 341
    },
    "Hike": {
      "total_distance": 22.3961370901,
      "total_time": 12.016944444444444,
      "total_elevation": 13414.698592,
      "total_hr": 333.0,
      "count_hr": 3,
      "count": 3
    },
    "Workout": {
      "total_distance": 0.0,
      "total_time": 21.05972222222222,
      "total_elevation": 0.0,
      "total_hr": 1475.7,
      "count_hr": 12,
      "count": 12
    },
    "Ride": {
      "total_distance": 932.6054812785001,
      "total_time": 148.04166666666674,
      "total_elevation": 38590.552416000006,
      "total_hr": 16738.40000000001,
      "count_hr": 126,
      "count": 126
    },
    "Walk": {
      "total_distance": 1.4288426145000002,
      "total_time": 0.6475,
      "total_elevation": 78.083992,
      "total_hr": 183.5,
      "count_hr": 2,
      "count": 2
    },
    "Swim": {
      "total_distance": 26.464004478699998,
      "total_time": 14.006944444444445,
      "total_elevation": 10.498688000000001,
      "total_hr": 4962.1,
      "count_hr": 36,
      "count": 36
    }
  },
  "monthly_summary": {
    "WeightTraining": {
      "2025-12": {
        "total_distance": 0.0,
        "total_time": 1.1622222222222223,
        "total_elevation": 0.0,
        "total_hr": 189.3,
        "count_hr": 2,
        "count": 2
      },
      "2025-11": {
        "total_distance": 0.0,
        "total_time": 5.026944444444444,
        "total_elevation": 0.0,
        "total_hr": 997.3,
        "count_hr": 10,
        "count": 10
      },
      "2025-10": {
        "total_distance": 0.0,
        "total_time": 6.180833333333332,
        "total_elevation": 0.0,
        "total_hr": 1047.4,
        "count_hr": 10,
        "count": 10
      },
      "2025-09": {
        "total_distance": 0.0,
        "total_time": 5.553055555555555,
        "total_elevation": 0.0,
        "total_hr": 1020.6999999999998,
        "count_hr": 11,
        "count": 11
      },
      "2025-08": {
        "total_distance": 0.21617497089999999,
        "total_time": 8.373333333333333,
        "total_elevation": 0.0,
        "total_hr": 1038.8000000000002,
        "count_hr": 12,
        "count": 12
      },
      "2025-07": {
        "total_distance": 0.0,
        "total_time": 3.6386111111111115,
        "total_elevation": 0.0,
        "total_hr": 595.5,
        "count_hr": 7,
        "count": 7
      },
      "2025-06": {
        "total_distance": 0.0,
        "total_time": 5.6161111111111115,
        "total_elevation": 0.0,
        "total_hr": 895.2000000000002,
        "count_hr": 9,
        "count": 9
      },
      "2025-05": {
        "total_distance": 0.0,
        "total_time": 3.2525000000000004,
        "total_elevation": 0.0,
        "total_hr": 610.4,
        "count_hr": 6,
        "count": 6
      },
      "2025-03": {
        "total_distance": 0.0,
        "total_time": 0.8613888888888889,
        "total_elevation": 0.0,
        "total_hr": 101.8,
        "count_hr": 1,
        "count": 1
      },
      "2025-02": {
        "total_distance": 0.0,
        "total_time": 2.0077777777777777,
        "total_elevation": 0.0,
        "total_hr": 226.7,
        "count_hr": 2,
        "count": 2
      },
      "2025-01": {
        "total_distance": 0.0,
        "total_time": 5.773611111111111,
        "total_elevation": 0.0,
        "total_hr": 410.70000000000005,
        "count_hr": 4,
        "count": 4
      },
      "2024-12": {
        "total_distance": 0.0,
        "total_time": 4.830833333333333,
        "total_elevation": 0.0,
        "total_hr": 407.99999999999994,
        "count_hr": 4,
        "count": 4
      },
      "2024-11": {
        "total_distance": 0.0,
        "total_time": 3.7347222222222225,
        "total_elevation": 0.0,
        "total_hr": 312.0,
        "count_hr": 3,
        "count": 3
      },
      "2024-10": {
        "total_distance": 0.0,
        "total_time": 3.826388888888889,
        "total_elevation": 0.0,
        "total_hr": 343.8,
        "count_hr": 3,
        "count": 3
      },
      "2024-08": {
        "total_distance": 0.0,
        "total_time": 5.213333333333333,
        "total_elevation": 0.0,
        "total_hr": 563.9000000000001,
        "count_hr": 5,
        "count": 5
      },
      "2024-07": {
        "total_distance": 0.0,
        "total_time": 5.022777777777779,
        "total_elevation": 0.0,
        "total_hr": 637.6999999999999,
        "count_hr": 6,
        "count": 6
      },
      "2024-06": {
        "total_distance": 0.0,
        "total_time": 1.9408333333333332,
        "total_elevation": 0.0,
        "total_hr": 214.2,
        "count_hr": 2,
        "count": 2
      }
    },
    "Run": {
      "2025-12": {
        "total_distance": 11.0252342014,
        "total_time": 1.706388888888889,
        "total_elevation": 0.0,
        "total_hr": 392.8,
        "count_hr": 3,
        "count": 3
      },
      "2025-11": {
        "total_distance": 286.5646855622999,
        "total_time": 50.17222222222222,
        "total_elevation": 5795.275776,
        "total_hr": 4098.0,
        "count_hr": 29,
        "count": 29
      },
      "2025-10": {
        "total_distance": 142.60880768569996,
        "total_time": 21.190833333333337,
        "total_elevation": 2318.897712,
        "total_hr": 3833.6999999999994,
        "count_hr": 25,
        "count": 25
      },
      "2025-09": {
        "total_distance": 188.84110915840003,
        "total_time": 29.238888888888887,
        "total_elevation": 1781.4961199999998,
        "total_hr": 3785.5999999999995,
        "count_hr": 27,
        "count": 27
      },
      "2025-08": {
        "total_distance": 199.32177381539998,
        "total_time": 31.657500000000002,
        "total_elevation": 4726.378103999999,
        "total_hr": 3906.9000000000005,
        "count_hr": 27,
        "count": 27
      },
      "2025-07": {
        "total_distance": 204.5983942103,
        "total_time": 37.27527777777778,
        "total_elevation": 8388.451711999998,
        "total_hr": 4247.200000000001,
        "count_hr": 30,
        "count": 30
      },
      "2025-06": {
        "total_distance": 170.4531878409,
        "total_time": 28.763333333333335,
        "total_elevation": 5783.464751999999,
        "total_hr": 3821.9000000000005,
        "count_hr": 26,
        "count": 26
      },
      "2025-05": {
        "total_distance": 47.443664237200004,
        "total_time": 8.180555555555557,
        "total_elevation": 805.118136,
        "total_hr": 1959.6000000000001,
        "count_hr": 13,
        "count": 13
      },
      "2025-04": {
        "total_distance": 59.29948505430001,
        "total_time": 10.794722222222223,
        "total_elevation": 1499.34388,
        "total_hr": 2012.2,
        "count_hr": 13,
        "count": 13
      },
      "2025-03": {
        "total_distance": 102.7870044087,
        "total_time": 15.425555555555553,
        "total_elevation": 2708.661504,
        "total_hr": 3440.8,
        "count_hr": 22,
        "count": 22
      },
      "2025-02": {
        "total_distance": 70.5620829777,
        "total_time": 10.890833333333331,
        "total_elevation": 593.83204,
        "total_hr": 3045.7999999999997,
        "count_hr": 19,
        "count": 19
      },
      "2025-01": {
        "total_distance": 57.044778243699994,
        "total_time": 9.934444444444443,
        "total_elevation": 939.632576,
        "total_hr": 1822.3000000000002,
        "count_hr": 12,
        "count": 12
      },
      "2024-12": {
        "total_distance": 118.7703442304,